{
    "_color": {
        "background": [
            0.0500000007450580596,
            0.0500000007450580596,
            0.0500000007450580596,
            1
        ],
        "border": [
            0.699999988079071045,
            0.699999988079071045,
            0.699999988079071045,
            1
        ],
        "foreground": [
            0.800000011920928955,
            0.800000011920928955,
            0.800000011920928955,
            1
        ],
        "highlight": [
            0.699999988079071045,
            0.699999988079071045,
            0.699999988079071045,
            1
        ],
        "user1": [
            0,
            0,
            0,
            0
        ],
        "user2": [
            0,
            0,
            0,
            0
        ],
        "user3": [
            0,
            0,
            0,
            0
        ]
    },
    "_name": "ui.overview",
    "_pos": [
        0,
        0
    ],
    "_size": [
        1,
        1
    ],
    "children": [
        {
            "_color": {
                "background": [
                    0.0500000007450580596,
                    0.0500000007450580596,
                    0.0500000007450580596,
                    1
                ],
                "border": [
                    0.699999988079071045,
                    0.699999988079071045,
                    0.699999988079071045,
                    1
                ],
                "foreground": [
                    0.800000011920928955,
                    0.800000011920928955,
                    0.800000011920928955,
                    1
                ],
                "highlight": [
                    0.699999988079071045,
                    0.699999988079071045,
                    0.699999988079071045,
                    1
                ],
                "user1": [
                    0,
                    0,
                    0,
                    0
                ],
                "user2": [
                    0,
                    0,
                    0,
                    0
                ],
                "user3": [
                    0,
                    0,
                    0,
                    0
                ]
            },
            "_name": "dialogBox",
            "_pos": [
                0,
                0.89999997615814209
            ],
            "_size": [
                1,
                0.100000001490116119
            ],
            "typename": "d2d.game.ui.box.TextBox"
        }
    ],
    "typename": "ui.overview.OverviewUi"
}